-- Adds gossip options to flight masters for cross-faction flight points.

INSERT INTO `conditions`
(`condition_entry`, `type`, `value1`, `value2`, `comments`)
VALUES
(              557,      5,       47,        4, 'Has Minimum Rank Friendly With Ironforge'),
(              558,      5,       47,        5, 'Has Minimum Rank Honored With Ironforge'),
(              559,      5,       47,        6, 'Has Minimum Rank Revered With Ironforge'),
(              560,      5,       54,        4, 'Has Minimum Rank Friendly With Gnomeregan Exiles'),
(              561,      5,       54,        5, 'Has Minimum Rank Honored With Gnomeregan Exiles'),
(              562,      5,       54,        6, 'Has Minimum Rank Revered With Gnomeregan Exiles'),
(              563,      5,       68,        4, 'Has Minimum Rank Friendly With Undercity'),
(              564,      5,       68,        5, 'Has Minimum Rank Honored With Undercity'),
(              565,      5,       68,        6, 'Has Minimum Rank Revered With Undercity'),
(              566,      5,       69,        4, 'Has Minimum Rank Friendly With Darnassus'),
(              567,      5,       69,        5, 'Has Minimum Rank Honored With Darnassus'),
(              568,      5,       69,        6, 'Has Minimum Rank Revered With Darnassus'),
(              569,      5,       72,        4, 'Has Minimum Rank Friendly With Stormwind'),
(              570,      5,       72,        5, 'Has Minimum Rank Honored With Stormwind'),
(              571,      5,       72,        6, 'Has Minimum Rank Revered With Stormwind'),
(              572,      5,       76,        4, 'Has Minimum Rank Friendly With Orgrimmar'),
(              573,      5,       76,        5, 'Has Minimum Rank Honored With Orgrimmar'),
(              574,      5,       76,        6, 'Has Minimum Rank Revered With Orgrimmar'),
(              575,      5,       81,        4, 'Has Minimum Rank Friendly With Thunder Bluff'),
(              576,      5,       81,        5, 'Has Minimum Rank Honored With Thunder Bluff'),
(              577,      5,       81,        6, 'Has Minimum Rank Revered With Thunder Bluff'),
(              578,     -1,        3,      557, 'Horde AND Has Minimum Rank Friendly With Ironforge'),
(              579,     -1,        3,      558, 'Horde AND Has Minimum Rank Honored With Ironforge'),
(              580,     -1,        3,      559, 'Horde AND Has Minimum Rank Revered With Ironforge'),
(              581,     -1,        3,      560, 'Horde AND Has Minimum Rank Friendly With Gnomeregan Exiles'),
(              582,     -1,        3,      561, 'Horde AND Has Minimum Rank Honored With Gnomeregan Exiles'),
(              583,     -1,        3,      562, 'Horde AND Has Minimum Rank Revered With Gnomeregan Exiles'),
(              584,     -1,        3,      566, 'Horde AND Has Minimum Rank Friendly With Darnassus'),
(              585,     -1,        3,      567, 'Horde AND Has Minimum Rank Honored With Darnassus'),
(              586,     -1,        3,      568, 'Horde AND Has Minimum Rank Revered With Darnassus'),
(              587,     -1,        3,      569, 'Horde AND Has Minimum Rank Friendly With Stormwind'),
(              588,     -1,        3,      570, 'Horde AND Has Minimum Rank Honored With Stormwind'),
(              589,     -1,        3,      571, 'Horde AND Has Minimum Rank Revered With Stormwind'),
(              590,     -1,        4,      563, 'Alliance AND Has Minimum Rank Friendly With Undercity'),
(              591,     -1,        4,      564, 'Alliance AND Has Minimum Rank Honored With Undercity'),
(              592,     -1,        4,      565, 'Alliance AND Has Minimum Rank Revered With Undercity'),
(              593,     -1,        4,      572, 'Alliance AND Has Minimum Rank Friendly With Orgrimmar'),
(              594,     -1,        4,      573, 'Alliance AND Has Minimum Rank Honored With Orgrimmar'),
(              595,     -1,        4,      574, 'Alliance AND Has Minimum Rank Revered With Orgrimmar'),
(              596,     -1,        4,      575, 'Alliance AND Has Minimum Rank Friendly With Thunder Bluff'),
(              597,     -1,        4,      576, 'Alliance AND Has Minimum Rank Honored With Thunder Bluff'),
(              598,     -1,        4,      577, 'Alliance AND Has Minimum Rank Revered With Thunder Bluff'),
(             1659,      4,       35,        0, 'In Booty Bay'),
(             1660,      4,       42,        0, 'In Darkshire'),
(             1661,      4,       69,        0, 'In Lakeshire'),
(             1662,      4,       75,        0, 'In Stonard'),
(             1663,      4,      108,        0, 'In Sentinel Hill'),
(             1664,      4,      117,        0, 'In Grom''gol Base Camp'),
(             1665,      4,      144,        0, 'In Thelsamar'),
(             1666,      4,      150,        0, 'In Menethil Harbor'),
(             1667,      4,      228,        0, 'In The Sepulcher'),
(             1668,      4,      251,        0, 'In Flame Crest'),
(             1669,      4,      271,        0, 'In Southshore'),
(             1670,      4,      272,        0, 'In Tarren Mill'),
(             1671,      4,      320,        0, 'In Refuge Pointe'),
(             1672,      4,      321,        0, 'In Hammerfall'),
(             1673,      4,      340,        0, 'In Kargath'),
(             1674,      4,      348,        0, 'In Aerie Peak'),
(             1675,      4,      378,        0, 'In Camp Taurajo'),
(             1676,      4,      380,        0, 'In The Crossroads'),
(             1677,      4,      415,        0, 'In Astranaar'),
(             1678,      4,      431,        0, 'In Splintertree Post'),
(             1679,      4,      442,        0, 'In Auberdine'),
(             1680,      4,      460,        0, 'In Sun Rock Retreat'),
(             1681,      4,      467,        0, 'In Stonetalon Peak'),
(             1682,      4,      484,        0, 'In Freewind Post'),
(             1683,      4,      489,        0, 'In Thalanaar'),
(             1684,      4,      493,        0, 'In Moonglade'),
(             1685,      4,      496,        0, 'In Brackenwall Village'),
(             1686,      4,      513,        0, 'In Theramore Isle'),
(             1687,      4,      608,        0, 'In Nijel''s Point'),
(             1688,      4,      702,        0, 'In Rut''theran Village'),
(             1689,      4,      976,        0, 'In Gadgetzan'),
(             1690,      4,     1099,        0, 'In Camp Mojache'),
(             1691,      4,     1116,        0, 'In Feathermoon Stronghold'),
(             1692,      4,     1237,        0, 'In Valormok'),
(             1693,      4,     1438,        0, 'In Nethergarde Keep'),
(             1694,      4,     1446,        0, 'In Thorium Point'),
(             1700,      4,     1997,        0, 'In Bloodvenom Post'),
(             1701,      4,     1998,        0, 'In Talonbranch Glade'),
(             1702,      4,     2255,        0, 'In Everlook'),
(             1703,      4,     2268,        0, 'In Light''s Hope Chapel'),
(             1704,      4,     2408,        0, 'In Shadowprey Village'),
(             1705,      4,     2418,        0, 'In Morgan''s Vigil'),
(             1706,      4,     2897,        0, 'In Zoram''gar Outpost'),
(             1707,      4,     3137,        0, 'In Talrendis Point'),
(             1708,      4,     3197,        0, 'In Chillwind Camp'),
(             1709,      4,     3317,        0, 'In Revantusk Village'),
(             1710,      4,     3425,        0, 'In Cenarion Hold'),
(             1711,     -3,     1659,        0, 'Not in Booty Bay'),
(             1712,     -3,     1660,        0, 'Not in Darkshire'),
(             1713,     -3,     1661,        0, 'Not in Lakeshire'),
(             1714,     -3,     1662,        0, 'Not in Stonard'),
(             1715,     -3,     1663,        0, 'Not in Sentinel Hill'),
(             1716,     -3,     1664,        0, 'Not in Grom''gol Base Camp'),
(             1717,     -3,     1665,        0, 'Not in Thelsamar'),
(             1718,     -3,     1666,        0, 'Not in Menethil Harbor'),
(             1719,     -3,     1667,        0, 'Not in The Sepulcher'),
(             1720,     -3,     1668,        0, 'Not in Flame Crest'),
(             1721,     -3,     1669,        0, 'Not in Southshore'),
(             1722,     -3,     1670,        0, 'Not in Tarren Mill'),
(             1723,     -3,     1671,        0, 'Not in Refuge Pointe'),
(             1724,     -3,     1672,        0, 'Not in Hammerfall'),
(             1725,     -3,     1673,        0, 'Not in Kargath'),
(             1726,     -3,     1674,        0, 'Not in Aerie Peak'),
(             1727,     -3,     1675,        0, 'Not in Camp Taurajo'),
(             1728,     -3,     1676,        0, 'Not in The Crossroads'),
(             1729,     -3,     1677,        0, 'Not in Astranaar'),
(             1730,     -3,     1678,        0, 'Not in Splintertree Post'),
(             1731,     -3,     1679,        0, 'Not in Auberdine'),
(             1732,     -3,     1680,        0, 'Not in Sun Rock Retreat'),
(             1733,     -3,     1681,        0, 'Not in Stonetalon Peak'),
(             1734,     -3,     1682,        0, 'Not in Freewind Post'),
(             1735,     -3,     1683,        0, 'Not in Thalanaar'),
(             1736,     -3,     1684,        0, 'Not in Moonglade'),
(             1737,     -3,     1685,        0, 'Not in Brackenwall Village'),
(             1738,     -3,     1686,        0, 'Not in Theramore Isle'),
(             1739,     -3,     1687,        0, 'Not in Nijel''s Point'),
(             1740,     -3,     1688,        0, 'Not in Rut''theran Village'),
(             1741,     -3,     1689,        0, 'Not in Gadgetzan'),
(             1742,     -3,     1690,        0, 'Not in Camp Mojache'),
(             1743,     -3,     1691,        0, 'Not in Feathermoon Stronghold'),
(             1744,     -3,     1692,        0, 'Not in Valormok'),
(             1745,     -3,     1693,        0, 'Not in Nethergarde Keep'),
(             1746,     -3,     1694,        0, 'Not in Thorium Point'),
(             1747,     -3,      981,        0, 'Not in Undercity'),
(             1748,     -3,      980,        0, 'Not in Stormwind City'),
(             1749,     -3,      982,        0, 'Not in Ironforge'),
(             1750,     -3,      983,        0, 'Not in Orgrimmar'),
(             1751,     -3,      984,        0, 'Not in Thunder Bluff'),
(             1752,     -3,     1700,        0, 'Not in Bloodvenom Post'),
(             1753,     -3,     1701,        0, 'Not in Talonbranch Glade'),
(             1754,     -3,     1702,        0, 'Not in Everlook'),
(             1755,     -3,     1703,        0, 'Not in Light''s Hope Chapel'),
(             1756,     -3,     1704,        0, 'Not in Shadowprey Village'),
(             1757,     -3,     1705,        0, 'Not in Morgan''s Vigil'),
(             1758,     -3,     1706,        0, 'Not in Zoram''gar Outpost'),
(             1759,     -3,     1707,        0, 'Not in Talrendis Point'),
(             1760,     -3,     1708,        0, 'Not in Chillwind Camp'),
(             1761,     -3,     1709,        0, 'Not in Revantusk Village'),
(             1762,     -3,     1710,        0, 'Not in Cenarion Hold'),
(             1763,     -1,      558,     1711, 'Has Minimum Rank Honored With Ironforge AND Not in Booty Bay'),
(             1764,     -1,      572,     1711, 'Has Minimum Rank Friendly With Orgrimmar AND Not in Booty Bay'),
(             1765,     -1,      570,     1712, 'Has Minimum Rank Honored With Stormwind AND Not in Darkshire'),
(             1766,     -1,      569,     1713, 'Has Minimum Rank Friendly With Stormwind AND Not in Lakeshire'),
(             1767,     -1,      573,     1714, 'Has Minimum Rank Honored With Orgrimmar AND Not in Stonard'),
(             1768,     -1,      569,     1715, 'Has Minimum Rank Friendly With Stormwind AND Not in Sentinel Hill'),
(             1769,     -1,      572,     1716, 'Has Minimum Rank Friendly With Orgrimmar AND Not in Grom''gol Base Camp'),
(             1770,     -1,      557,     1717, 'Has Minimum Rank Friendly With Ironforge AND Not in Thelsamar'),
(             1771,     -1,      570,     1718, 'Has Minimum Rank Honored With Stormwind AND Not in Menethil Harbor'),
(             1772,     -1,      563,     1719, 'Has Minimum Rank Friendly With Undercity AND Not in The Sepulcher'),
(             1773,     -1,      574,     1720, 'Has Minimum Rank Revered With Orgrimmar AND Not in Flame Crest'),
(             1774,     -1,      570,     1721, 'Has Minimum Rank Honored With Stormwind AND Not in Southshore'),
(             1775,     -1,      564,     1722, 'Has Minimum Rank Honored With Undercity AND Not in Tarren Mill'),
(             1776,     -1,      571,     1723, 'Has Minimum Rank Revered With Stormwind AND Not in Refuge Pointe'),
(             1777,     -1,      572,     1724, 'Has Minimum Rank Friendly With Orgrimmar AND Not in Hammerfall'),
(             1778,     -1,      572,     1725, 'Has Minimum Rank Friendly With Orgrimmar AND Not in Kargath'),
(             1779,     -1,      558,     1726, 'Has Minimum Rank Honored With Ironforge AND Not in Aerie Peak'),
(             1780,     -1,      575,     1727, 'Has Minimum Rank Friendly With Thunder Bluff AND Not in Camp Taurajo'),
(             1781,     -1,      572,     1728, 'Has Minimum Rank Friendly With Orgrimmar AND Not in The Crossroads'),
(             1782,     -1,      566,     1729, 'Has Minimum Rank Friendly With Darnassus AND Not in Astranaar'),
(             1783,     -1,      573,     1730, 'Has Minimum Rank Honored With Orgrimmar AND Not in Splintertree Post'),
(             1784,     -1,      566,     1731, 'Has Minimum Rank Friendly With Darnassus AND Not in Auberdine'),
(             1785,     -1,      575,     1732, 'Has Minimum Rank Friendly With Thunder Bluff AND Not in Sun Rock Retreat'),
(             1786,     -1,      566,     1733, 'Has Minimum Rank Friendly With Darnassus AND Not in Stonetalon Peak'),
(             1787,     -1,      576,     1734, 'Has Minimum Rank Honored With Thunder Bluff AND Not in Freewind Post'),
(             1788,     -1,      567,     1735, 'Has Minimum Rank Honored With Darnassus AND Not in Thalanaar'),
(             1789,     -1,      567,     1736, 'Has Minimum Rank Honored With Darnassus AND Not in Moonglade'),
(             1790,     -1,      574,     1736, 'Has Minimum Rank Revered With Orgrimmar AND Not in Moonglade'),
(             1791,     -1,      573,     1737, 'Has Minimum Rank Honored With Orgrimmar AND Not in Brackenwall Village'),
(             1792,     -1,      571,     1738, 'Has Minimum Rank Revered With Stormwind AND Not in Theramore Isle'),
(             1793,     -1,      567,     1739, 'Has Minimum Rank Honored With Darnassus AND Not in Nijel''s Point'),
(             1794,     -1,      566,     1740, 'Has Minimum Rank Friendly With Darnassus AND Not in Rut''theran Village'),
(             1795,     -1,      571,     1741, 'Has Minimum Rank Revered With Stormwind AND Not in Gadgetzan'),
(             1796,     -1,      574,     1741, 'Has Minimum Rank Revered With Orgrimmar AND Not in Gadgetzan'),
(             1797,     -1,      577,     1742, 'Has Minimum Rank Revered With Thunder Bluff AND Not in Camp Mojache'),
(             1798,     -1,      567,     1743, 'Has Minimum Rank Honored With Darnassus AND Not in Feathermoon Stronghold'),
(             1799,     -1,      573,     1744, 'Has Minimum Rank Honored With Orgrimmar AND Not in Valormok'),
(             1800,     -1,      571,     1745, 'Has Minimum Rank Revered With Stormwind AND Not in Nethergarde Keep'),
(             1801,     -1,      559,     1746, 'Has Minimum Rank Revered With Ironforge AND Not in Thorium Point'),
(             1802,     -1,      574,     1746, 'Has Minimum Rank Revered With Orgrimmar AND Not in Thorium Point'),
(             1803,     -1,      563,     1747, 'Has Minimum Rank Friendly With Undercity AND Not in Undercity'),
(             1804,     -1,      569,     1748, 'Has Minimum Rank Friendly With Stormwind AND Not in Stormwind City'),
(             1805,     -1,      557,     1749, 'Has Minimum Rank Friendly With Ironforge AND Not in Ironforge'),
(             1806,     -1,      572,     1750, 'Has Minimum Rank Friendly With Orgrimmar AND Not in Orgrimmar'),
(             1807,     -1,      575,     1751, 'Has Minimum Rank Friendly With Thunder Bluff AND Not in Thunder Bluff'),
(             1808,     -1,      573,     1752, 'Has Minimum Rank Honored With Orgrimmar AND Not in Bloodvenom Post'),
(             1809,     -1,      568,     1753, 'Has Minimum Rank Revered With Darnassus AND Not in Talonbranch Glade'),
(             1810,     -1,      568,     1754, 'Has Minimum Rank Revered With Darnassus AND Not in Everlook'),
(             1811,     -1,      574,     1754, 'Has Minimum Rank Revered With Orgrimmar AND Not in Everlook'),
(             1812,     -1,      559,     1755, 'Has Minimum Rank Revered With Ironforge AND Not in Light''s Hope Chapel'),
(             1813,     -1,      565,     1755, 'Has Minimum Rank Revered With Undercity AND Not in Light''s Hope Chapel'),
(             1814,     -1,      576,     1756, 'Has Minimum Rank Honored With Thunder Bluff AND Not in Shadowprey Village'),
(             1815,     -1,      559,     1757, 'Has Minimum Rank Revered With Ironforge AND Not in Morgan''s Vigil'),
(             1816,     -1,      573,     1758, 'Has Minimum Rank Honored With Orgrimmar AND Not in Zoram''gar Outpost'),
(             1817,     -1,      568,     1759, 'Has Minimum Rank Revered With Darnassus AND Not in Talrendis Point'),
(             1818,     -1,      562,     1760, 'Has Minimum Rank Revered With Gnomeregan Exiles AND Not in Chillwind Camp'),
(             1819,     -1,      574,     1761, 'Has Minimum Rank Revered With Orgrimmar AND Not in Revantusk Village'),
(             1820,     -1,      568,     1762, 'Has Minimum Rank Revered With Darnassus AND Not in Cenarion Hold'),
(             1821,     -1,      577,     1762, 'Has Minimum Rank Revered With Thunder Bluff AND Not in Cenarion Hold');

INSERT INTO `npc_text`
(`ID`, `text0_0`,                                           `text0_1`,                                           `lang0`, `prob0`, `em0_0`, `em0_1`, `em0_2`, `em0_3`, `em0_4`, `em0_5`, `text1_0`, `text1_1`, `lang1`, `prob1`, `em1_0`, `em1_1`, `em1_2`, `em1_3`, `em1_4`, `em1_5`, `text2_0`, `text2_1`, `lang2`, `prob2`, `em2_0`, `em2_1`, `em2_2`, `em2_3`, `em2_4`, `em2_5`, `text3_0`, `text3_1`, `lang3`, `prob3`, `em3_0`, `em3_1`, `em3_2`, `em3_3`, `em3_4`, `em3_5`, `text4_0`, `text4_1`, `lang4`, `prob4`, `em4_0`, `em4_1`, `em4_2`, `em4_3`, `em4_4`, `em4_5`, `text5_0`, `text5_1`, `lang5`, `prob5`, `em5_0`, `em5_1`, `em5_2`, `em5_3`, `em5_4`, `em5_5`, `text6_0`, `text6_1`, `lang6`, `prob6`, `em6_0`, `em6_1`, `em6_2`, `em6_3`, `em6_4`, `em6_5`, `text7_0`, `text7_1`, `lang7`, `prob7`, `em7_0`, `em7_1`, `em7_2`, `em7_3`, `em7_4`, `em7_5`)
VALUES
(   4, 'Which Alliance location would you like to fly to?', 'Which Alliance location would you like to fly to?',       7,     100,       0,       0,       0,       0,       0,       0, NULL,      NULL,            0,       0,       0,       0,       0,       0,       0,       0, NULL,      NULL,            0,       0,       0,       0,       0,       0,       0,       0, NULL,      NULL,            0,       0,       0,       0,       0,       0,       0,       0, NULL,      NULL,            0,       0,       0,       0,       0,       0,       0,       0, NULL,      NULL,            0,       0,       0,       0,       0,       0,       0,       0, NULL,      NULL,            0,       0,       0,       0,       0,       0,       0,       0, NULL,      NULL,            0,       0,       0,       0,       0,       0,       0,       0),
(   5, 'Which Horde location would you like to fly to?',    'Which Horde location would you like to fly to?',          7,     100,       0,       0,       0,       0,       0,       0, NULL,      NULL,            0,       0,       0,       0,       0,       0,       0,       0, NULL,      NULL,            0,       0,       0,       0,       0,       0,       0,       0, NULL,      NULL,            0,       0,       0,       0,       0,       0,       0,       0, NULL,      NULL,            0,       0,       0,       0,       0,       0,       0,       0, NULL,      NULL,            0,       0,       0,       0,       0,       0,       0,       0, NULL,      NULL,            0,       0,       0,       0,       0,       0,       0,       0, NULL,      NULL,            0,       0,       0,       0,       0,       0,       0,       0);

INSERT INTO `dbscripts_on_gossip`
( `id`, `delay`, `command`, `datalong`, `datalong2`, `datalong3`, `buddy_entry`, `search_radius`, `data_flags`, `dataint`, `dataint2`, `dataint3`, `dataint4`, `x`, `y`, `z`, `o`, `comments`)
VALUES
(   52,       0,        30,         43,           0,           0,             0,               0,            0,         0,          0,          0,          0,   0,   0,   0,   0, 'Fly to Aerie Peak'),
(   53,       0,        30,         28,           0,           0,             0,               0,            0,         0,          0,          0,          0,   0,   0,   0,   0, 'Fly to Astranaar'),
(   54,       0,        30,         26,           0,           0,             0,               0,            0,         0,          0,          0,          0,   0,   0,   0,   0, 'Fly to Auberdine'),
(   55,       0,        30,         48,           0,           0,             0,               0,            0,         0,          0,          0,          0,   0,   0,   0,   0, 'Fly to Bloodvenom Post'),
(   56,       0,        30,         18,           0,           0,             0,               0,            0,         0,          0,          0,          0,   0,   0,   0,   0, 'Fly to Booty Bay (Horde)'),
(   57,       0,        30,         19,           0,           0,             0,               0,            0,         0,          0,          0,          0,   0,   0,   0,   0, 'Fly to Booty Bay (Alliance)'),
(   58,       0,        30,         55,           0,           0,             0,               0,            0,         0,          0,          0,          0,   0,   0,   0,   0, 'Fly to Brackenwall Village'),
(   59,       0,        30,         42,           0,           0,             0,               0,            0,         0,          0,          0,          0,   0,   0,   0,   0, 'Fly to Camp Mojache'),
(   60,       0,        30,         77,           0,           0,             0,               0,            0,         0,          0,          0,          0,   0,   0,   0,   0, 'Fly to Camp Taurajo'),
(   61,       0,        30,         72,           0,           0,             0,               0,            0,         0,          0,          0,          0,   0,   0,   0,   0, 'Fly to Cenarion Hold (Horde)'),
(   62,       0,        30,         73,           0,           0,             0,               0,            0,         0,          0,          0,          0,   0,   0,   0,   0, 'Fly to Cenarion Hold (Alliance)'),
(   63,       0,        30,         66,           0,           0,             0,               0,            0,         0,          0,          0,          0,   0,   0,   0,   0, 'Fly to Chillwind Camp'),
(   64,       0,        30,         25,           0,           0,             0,               0,            0,         0,          0,          0,          0,   0,   0,   0,   0, 'Fly to Crossroads'),
(   65,       0,        30,         12,           0,           0,             0,               0,            0,         0,          0,          0,          0,   0,   0,   0,   0, 'Fly to Darkshire'),
(   66,       0,        30,         52,           0,           0,             0,               0,            0,         0,          0,          0,          0,   0,   0,   0,   0, 'Fly to Everlook (Alliance)'),
(   67,       0,        30,         53,           0,           0,             0,               0,            0,         0,          0,          0,          0,   0,   0,   0,   0, 'Fly to Everlook (Horde)'),
(   68,       0,        30,         41,           0,           0,             0,               0,            0,         0,          0,          0,          0,   0,   0,   0,   0, 'Fly to Feathermoon'),
(   69,       0,        30,         70,           0,           0,             0,               0,            0,         0,          0,          0,          0,   0,   0,   0,   0, 'Fly to Flame Crest'),
(   70,       0,        30,         30,           0,           0,             0,               0,            0,         0,          0,          0,          0,   0,   0,   0,   0, 'Fly to Freewind Post'),
(   71,       0,        30,         39,           0,           0,             0,               0,            0,         0,          0,          0,          0,   0,   0,   0,   0, 'Fly to Gadgetzan (Alliance)'),
(   72,       0,        30,         40,           0,           0,             0,               0,            0,         0,          0,          0,          0,   0,   0,   0,   0, 'Fly to Gadgetzan (Horde)'),
(   73,       0,        30,         20,           0,           0,             0,               0,            0,         0,          0,          0,          0,   0,   0,   0,   0, 'Fly to Grom''gol'),
(   74,       0,        30,         17,           0,           0,             0,               0,            0,         0,          0,          0,          0,   0,   0,   0,   0, 'Fly to Hammerfall'),
(   75,       0,        30,          6,           0,           0,             0,               0,            0,         0,          0,          0,          0,   0,   0,   0,   0, 'Fly to Ironforge'),
(   76,       0,        30,         21,           0,           0,             0,               0,            0,         0,          0,          0,          0,   0,   0,   0,   0, 'Fly to Kargath'),
(   77,       0,        30,          5,           0,           0,             0,               0,            0,         0,          0,          0,          0,   0,   0,   0,   0, 'Fly to Lakeshire'),
(   78,       0,        30,         67,           0,           0,             0,               0,            0,         0,          0,          0,          0,   0,   0,   0,   0, 'Fly to Light''s Hope Chapel (Alliance)'),
(   79,       0,        30,         68,           0,           0,             0,               0,            0,         0,          0,          0,          0,   0,   0,   0,   0, 'Fly to Light''s Hope Chapel (Horde)'),
(   80,       0,        30,          7,           0,           0,             0,               0,            0,         0,          0,          0,          0,   0,   0,   0,   0, 'Fly to Menethil Harbor'),
(   81,       0,        30,         49,           0,           0,             0,               0,            0,         0,          0,          0,          0,   0,   0,   0,   0, 'Fly to Moonglade (Alliance)'),
(   82,       0,        30,         69,           0,           0,             0,               0,            0,         0,          0,          0,          0,   0,   0,   0,   0, 'Fly to Moonglade (Horde)'),
(   83,       0,        30,         71,           0,           0,             0,               0,            0,         0,          0,          0,          0,   0,   0,   0,   0, 'Fly to Morgan''s Vigil'),
(   84,       0,        30,         45,           0,           0,             0,               0,            0,         0,          0,          0,          0,   0,   0,   0,   0, 'Fly to Nethergarde Keep'),
(   85,       0,        30,         37,           0,           0,             0,               0,            0,         0,          0,          0,          0,   0,   0,   0,   0, 'Fly to Nijel''s Point'),
(   86,       0,        30,         23,           0,           0,             0,               0,            0,         0,          0,          0,          0,   0,   0,   0,   0, 'Fly to Orgrimmar'),
(   87,       0,        30,         16,           0,           0,             0,               0,            0,         0,          0,          0,          0,   0,   0,   0,   0, 'Fly to Refuge Pointe'),
(   88,       0,        30,         76,           0,           0,             0,               0,            0,         0,          0,          0,          0,   0,   0,   0,   0, 'Fly to Revantusk Village'),
(   89,       0,        30,         27,           0,           0,             0,               0,            0,         0,          0,          0,          0,   0,   0,   0,   0, 'Fly to Rut''theran Village'),
(   90,       0,        30,          4,           0,           0,             0,               0,            0,         0,          0,          0,          0,   0,   0,   0,   0, 'Fly to Sentinel Hill'),
(   91,       0,        30,         38,           0,           0,             0,               0,            0,         0,          0,          0,          0,   0,   0,   0,   0, 'Fly to Shadowprey Village'),
(   92,       0,        30,         14,           0,           0,             0,               0,            0,         0,          0,          0,          0,   0,   0,   0,   0, 'Fly to Southshore'),
(   93,       0,        30,         61,           0,           0,             0,               0,            0,         0,          0,          0,          0,   0,   0,   0,   0, 'Fly to Splintertree Post'),
(   94,       0,        30,         56,           0,           0,             0,               0,            0,         0,          0,          0,          0,   0,   0,   0,   0, 'Fly to Stonard'),
(   95,       0,        30,         33,           0,           0,             0,               0,            0,         0,          0,          0,          0,   0,   0,   0,   0, 'Fly to Stonetalon Peak'),
(   96,       0,        30,          2,           0,           0,             0,               0,            0,         0,          0,          0,          0,   0,   0,   0,   0, 'Fly to Stormwind'),
(   97,       0,        30,         29,           0,           0,             0,               0,            0,         0,          0,          0,          0,   0,   0,   0,   0, 'Fly to Sun Rock Retreat'),
(   98,       0,        30,         65,           0,           0,             0,               0,            0,         0,          0,          0,          0,   0,   0,   0,   0, 'Fly to Talonbranch Glade'),
(   99,       0,        30,         64,           0,           0,             0,               0,            0,         0,          0,          0,          0,   0,   0,   0,   0, 'Fly to Talrendis Point'),
(  100,       0,        30,         13,           0,           0,             0,               0,            0,         0,          0,          0,          0,   0,   0,   0,   0, 'Fly to Tarren Mill'),
(  101,       0,        30,         31,           0,           0,             0,               0,            0,         0,          0,          0,          0,   0,   0,   0,   0, 'Fly to Thalanaar'),
(  102,       0,        30,         10,           0,           0,             0,               0,            0,         0,          0,          0,          0,   0,   0,   0,   0, 'Fly to The Sepulcher'),
(  103,       0,        30,          8,           0,           0,             0,               0,            0,         0,          0,          0,          0,   0,   0,   0,   0, 'Fly to Thelsamar'),
(  104,       0,        30,         32,           0,           0,             0,               0,            0,         0,          0,          0,          0,   0,   0,   0,   0, 'Fly to Theramore'),
(  105,       0,        30,         74,           0,           0,             0,               0,            0,         0,          0,          0,          0,   0,   0,   0,   0, 'Fly to Thorium Point (Alliance)'),
(  106,       0,        30,         75,           0,           0,             0,               0,            0,         0,          0,          0,          0,   0,   0,   0,   0, 'Fly to Thorium Point (Horde)'),
(  107,       0,        30,         22,           0,           0,             0,               0,            0,         0,          0,          0,          0,   0,   0,   0,   0, 'Fly to Thunder Bluff'),
(  108,       0,        30,         11,           0,           0,             0,               0,            0,         0,          0,          0,          0,   0,   0,   0,   0, 'Fly to Undercity'),
(  109,       0,        30,         44,           0,           0,             0,               0,            0,         0,          0,          0,          0,   0,   0,   0,   0, 'Fly to Valormok'),
(  110,       0,        30,         58,           0,           0,             0,               0,            0,         0,          0,          0,          0,   0,   0,   0,   0, 'Fly to Zoram''gar Outpost');

DELETE FROM `gossip_menu` WHERE `entry` IN (
    704,
    4106,
    4281,
    4301,
    4302,
    4306,
    4307,
    4323,
    4326,
    4342,
    4358,
    4360,
    5967,
    5968,
    6023,
    6162,
    6944,
    12237
);

INSERT INTO `gossip_menu`
(`entry`, `text_id`, `script_id`, `condition_id`) VALUES
(    445,         4,           0,              0),
(    446,         4,           0,              0),
(    447,         5,           0,              0),
(    448,         5,           0,              0),
(    449,      1256,           0,              0),
(    450,      5009,           0,              0),
(    451,      5453,           0,              0),
(    452,      5473,           0,              0),
(    453,      5474,           0,              0),
(    454,      5479,           0,              0),
(    455,      5454,           0,              0),
(    456,      5454,           0,              0),
(    457,      5495,           0,              0),
(    458,      5500,           0,              0),
(    459,      5516,           0,              0),
(    460,      5580,           0,              0),
(    461,      5582,           0,              0),
(    462,      7122,           0,              0),
(    463,      7123,           0,              0),
(    464,      7175,           0,              0),
(    465,      7315,           0,              0),
(    466,      7778,           0,              0),
(    467,      7778,           0,              0),
(    468,      7778,           0,              0),
(    469,      7778,           0,              0),
(    470,      7778,           0,              0),
(    471,      7778,           0,              0),
(    472,      7778,           0,              0),
(    473,      7778,           0,              0),
(    474,      7778,           0,              0),
(    475,      7778,           0,              0),
(    476,      7778,           0,              0),
(    477,      7778,           0,              0),
(    478,      7778,           0,              0),
(    479,      7778,           0,              0),
(    480,      7778,           0,              0),
(    481,      7778,           0,              0),
(    482,      7778,           0,              0),
(    483,      7778,           0,              0),
(    484,      7778,           0,              0),
(    485,      7778,           0,              0),
(    486,      7778,           0,              0),
(    487,      7778,           0,              0),
(    488,      7778,           0,              0),
(    489,      7778,           0,              0),
(    490,      7778,           0,              0),
(    491,      7778,           0,              0),
(    492,      7778,           0,              0),
(    493,      7778,           0,              0),
(    494,      7778,           0,              0),
(    495,      7778,           0,              0),
(    496,      7778,           0,              0),
(    497,      7778,           0,              0),
(    498,      7778,           0,              0),
(    499,      7778,           0,              0),
(    500,      7778,           0,              0),
(    501,      7778,           0,              0),
(    502,      7778,           0,              0),
(    503,      7778,           0,              0),
(    504,      7778,           0,              0),
(    505,      7778,           0,              0),
(    506,      7778,           0,              0),
(    507,      7778,           0,              0);

DELETE FROM `gossip_menu_option` WHERE `menu_id` IN (
    704,
    4106,
    4281,
    4301,
    4302,
    4306,
    4307,
    4323,
    4326,
    4342,
    4358,
    4360,
    5967,
    5968,
    6023,
    6162,
    6944,
    12237
);

INSERT INTO `gossip_menu_option`
(`menu_id`, `id`, `option_icon`, `option_text`,                               `option_id`, `npc_option_npcflag`, `action_menu_id`, `action_poi_id`, `action_script_id`, `box_coded`, `box_money`, `box_text`, `condition_id`)
VALUES
(      445,    0,             2, 'Aerie Peak, The Hinterlands',                         1,                    1,                0,               0,                 52,           0,           0, NULL,                 1779),
(      445,    1,             2, 'Booty Bay, Stranglethorn',                            1,                    1,                0,               0,                 57,           0,           0, NULL,                 1763),
(      445,    2,             2, 'Chillwind Camp, Western Plaguelands',                 1,                    1,                0,               0,                 63,           0,           0, NULL,                 1818),
(      445,    3,             2, 'Darkshire, Duskwood',                                 1,                    1,                0,               0,                 65,           0,           0, NULL,                 1765),
(      445,    4,             2, 'Ironforge, Dun Morogh',                               1,                    1,                0,               0,                 75,           0,           0, NULL,                 1805),
(      445,    5,             2, 'Lakeshire, Redridge',                                 1,                    1,                0,               0,                 77,           0,           0, NULL,                 1766),
(      445,    6,             2, 'Light''s Hope Chapel, Eastern Plaguelands',           1,                    1,                0,               0,                 78,           0,           0, NULL,                 1812),
(      445,    7,             2, 'Menethil Harbor, Wetlands',                           1,                    1,                0,               0,                 80,           0,           0, NULL,                 1771),
(      445,    8,             2, 'Morgan''s Vigil, Burning Steppes',                    1,                    1,                0,               0,                 83,           0,           0, NULL,                 1815),
(      445,    9,             2, 'Nethergarde Keep, Blasted Lands',                     1,                    1,                0,               0,                 84,           0,           0, NULL,                 1800),
(      445,   10,             2, 'Refuge Pointe, Arathi',                               1,                    1,                0,               0,                 87,           0,           0, NULL,                 1776),
(      445,   11,             2, 'Sentinel Hill, Westfall',                             1,                    1,                0,               0,                 90,           0,           0, NULL,                 1768),
(      445,   12,             2, 'Southshore, Hillsbrad',                               1,                    1,                0,               0,                 92,           0,           0, NULL,                 1774),
(      445,   13,             2, 'Stormwind, Elwynn',                                   1,                    1,                0,               0,                 96,           0,           0, NULL,                 1804),
(      445,   14,             2, 'Thelsamar, Loch Modan',                               1,                    1,                0,               0,                103,           0,           0, NULL,                 1770),
(      445,   15,             2, 'Thorium Point, Searing Gorge',                        1,                    1,                0,               0,                105,           0,           0, NULL,                 1801),
(      446,    0,             2, 'Astranaar, Ashenvale',                                1,                    1,                0,               0,                 53,           0,           0, NULL,                 1782),
(      446,    1,             2, 'Auberdine, Darkshore',                                1,                    1,                0,               0,                 54,           0,           0, NULL,                 1784),
(      446,    2,             2, 'Cenarion Hold, Silithus',                             1,                    1,                0,               0,                 62,           0,           0, NULL,                 1820),
(      446,    3,             2, 'Everlook, Winterspring',                              1,                    1,                0,               0,                 66,           0,           0, NULL,                 1810),
(      446,    4,             2, 'Feathermoon, Feralas',                                1,                    1,                0,               0,                 68,           0,           0, NULL,                 1798),
(      446,    5,             2, 'Gadgetzan, Tanaris',                                  1,                    1,                0,               0,                 71,           0,           0, NULL,                 1795),
(      446,    6,             2, 'Moonglade',                                           1,                    1,                0,               0,                 81,           0,           0, NULL,                 1789),
(      446,    7,             2, 'Nijel''s Point, Desolace',                            1,                    1,                0,               0,                 85,           0,           0, NULL,                 1793),
(      446,    8,             2, 'Rut''theran Village, Teldrassil',                     1,                    1,                0,               0,                 89,           0,           0, NULL,                 1794),
(      446,    9,             2, 'Stonetalon Peak, Stonetalon Mountains',               1,                    1,                0,               0,                 95,           0,           0, NULL,                 1786),
(      446,   10,             2, 'Talonbranch Glade, Felwood',                          1,                    1,                0,               0,                 98,           0,           0, NULL,                 1809),
(      446,   11,             2, 'Talrendis Point, Azshara',                            1,                    1,                0,               0,                 99,           0,           0, NULL,                 1817),
(      446,   12,             2, 'Thalanaar, Feralas',                                  1,                    1,                0,               0,                101,           0,           0, NULL,                 1788),
(      446,   13,             2, 'Theramore, Dustwallow Marsh',                         1,                    1,                0,               0,                104,           0,           0, NULL,                 1792),
(      447,    0,             2, 'Booty Bay, Stranglethorn',                            1,                    1,                0,               0,                 56,           0,           0, NULL,                 1764),
(      447,    1,             2, 'Flame Crest, Burning Steppes',                        1,                    1,                0,               0,                 69,           0,           0, NULL,                 1773),
(      447,    2,             2, 'Grom''gol, Stranglethorn',                            1,                    1,                0,               0,                 73,           0,           0, NULL,                 1769),
(      447,    3,             2, 'Hammerfall, Arathi',                                  1,                    1,                0,               0,                 74,           0,           0, NULL,                 1777),
(      447,    4,             2, 'Kargath, Badlands',                                   1,                    1,                0,               0,                 76,           0,           0, NULL,                 1778),
(      447,    5,             2, 'Light''s Hope Chapel, Eastern Plaguelands',           1,                    1,                0,               0,                 79,           0,           0, NULL,                 1813),
(      447,    6,             2, 'Revantusk Village, The Hinterlands',                  1,                    1,                0,               0,                 88,           0,           0, NULL,                 1819),
(      447,    7,             2, 'Stonard, Swamp of Sorrows',                           1,                    1,                0,               0,                 94,           0,           0, NULL,                 1767),
(      447,    8,             2, 'Tarren Mill, Hillsbrad',                              1,                    1,                0,               0,                100,           0,           0, NULL,                 1775),
(      447,    9,             2, 'The Sepulcher, Silverpine Forest',                    1,                    1,                0,               0,                102,           0,           0, NULL,                 1772),
(      447,   10,             2, 'Thorium Point, Searing Gorge',                        1,                    1,                0,               0,                106,           0,           0, NULL,                 1802),
(      447,   11,             2, 'Undercity, Tirisfal',                                 1,                    1,                0,               0,                108,           0,           0, NULL,                 1803),
(      448,    0,             2, 'Bloodvenom Post, Felwood',                            1,                    1,                0,               0,                 55,           0,           0, NULL,                 1808),
(      448,    1,             2, 'Brackenwall Village, Dustwallow Marsh',               1,                    1,                0,               0,                 58,           0,           0, NULL,                 1791),
(      448,    2,             2, 'Camp Mojache, Feralas',                               1,                    1,                0,               0,                 59,           0,           0, NULL,                 1797),
(      448,    3,             2, 'Camp Taurajo, The Barrens',                           1,                    1,                0,               0,                 60,           0,           0, NULL,                 1780),
(      448,    4,             2, 'Cenarion Hold, Silithus',                             1,                    1,                0,               0,                 61,           0,           0, NULL,                 1821),
(      448,    5,             2, 'Crossroads, The Barrens',                             1,                    1,                0,               0,                 64,           0,           0, NULL,                 1781),
(      448,    6,             2, 'Everlook, Winterspring',                              1,                    1,                0,               0,                 67,           0,           0, NULL,                 1811),
(      448,    7,             2, 'Freewind Post, Thousand Needles',                     1,                    1,                0,               0,                 70,           0,           0, NULL,                 1787),
(      448,    8,             2, 'Gadgetzan, Tanaris',                                  1,                    1,                0,               0,                 72,           0,           0, NULL,                 1796),
(      448,    9,             2, 'Moonglade',                                           1,                    1,                0,               0,                 82,           0,           0, NULL,                 1790),
(      448,   10,             2, 'Orgrimmar, Durotar',                                  1,                    1,                0,               0,                 86,           0,           0, NULL,                 1806),
(      448,   11,             2, 'Shadowprey Village, Desolace',                        1,                    1,                0,               0,                 91,           0,           0, NULL,                 1814),
(      448,   12,             2, 'Splintertree Post, Ashenvale',                        1,                    1,                0,               0,                 93,           0,           0, NULL,                 1783),
(      448,   13,             2, 'Sun Rock Retreat, Stonetalon Mountains',              1,                    1,                0,               0,                 97,           0,           0, NULL,                 1785),
(      448,   14,             2, 'Thunder Bluff, Mulgore',                              1,                    1,                0,               0,                107,           0,           0, NULL,                 1807),
(      448,   15,             2, 'Valormok, Azshara',                                   1,                    1,                0,               0,                109,           0,           0, NULL,                 1799),
(      448,   16,             2, 'Zoram''gar Outpost, Ashenvale',                       1,                    1,                0,               0,                110,           0,           0, NULL,                 1816),
(      449,    0,             2, 'I need a ride.',                                      4,                    8,                0,               0,                  0,           0,           0, NULL,                    4),
(      449,    1,             0, 'GOSSIP_OPTION_QUESTGIVER',                            2,                    2,                0,               0,                  0,           0,           0, NULL,                    0),
(      449,    2,             2, 'I''d like to fly to an Alliance location.',           1,                    2,              445,               0,                  0,           0,           0, NULL,                  587),
(      450,    0,             2, 'I need a ride.',                                      4,                    8,                0,               0,                  0,           0,           0, NULL,                    4),
(      450,    1,             0, 'GOSSIP_OPTION_QUESTGIVER',                            2,                    2,                0,               0,                  0,           0,           0, NULL,                    0),
(      450,    2,             2, 'I''d like to fly to an Alliance location.',           1,                    2,              446,               0,                  0,           0,           0, NULL,                  587),
(      451,    0,             2, 'I need a ride.',                                      4,                    8,                0,               0,                  0,           0,           0, NULL,                    3),
(      451,    1,             0, 'GOSSIP_OPTION_QUESTGIVER',                            2,                    2,                0,               0,                  0,           0,           0, NULL,                    0),
(      451,    2,             2, 'I''d like to fly to a Horde location.',               1,                    2,              448,               0,                  0,           0,           0, NULL,                  590),
(      452,    0,             2, 'I need a ride.',                                      4,                    8,                0,               0,                  0,           0,           0, NULL,                    4),
(      452,    1,             2, 'I''d like to fly to an Alliance location.',           1,                    8,              446,               0,                  0,           0,           0, NULL,                  584),
(      453,    0,             2, 'I need a ride.',                                      4,                    8,                0,               0,                  0,           0,           0, NULL,                    4),
(      453,    1,             0, 'GOSSIP_OPTION_QUESTGIVER',                            2,                    2,                0,               0,                  0,           0,           0, NULL,                    0),
(      453,    2,             2, 'I''d like to fly to an Alliance location.',           1,                    2,              446,               0,                  0,           0,           0, NULL,                  584),
(      454,    0,             2, 'Sure! Let''s go for a ride.',                         4,                    8,                0,               0,                  0,           0,           0, NULL,                    4),
(      454,    1,             2, 'I''d like to fly to an Alliance location.',           1,                    8,              445,               0,                  0,           0,           0, NULL,                  579),
(      455,    0,             2, 'I need a ride.',                                      4,                    8,                0,               0,                  0,           0,           0, NULL,                    3),
(      455,    1,             0, 'GOSSIP_OPTION_QUESTGIVER',                            2,                    2,                0,               0,                  0,           0,           0, NULL,                    0),
(      455,    2,             2, 'I''d like to fly to a Horde location.',               1,                    2,              447,               0,                  0,           0,           0, NULL,                  593),
(      456,    0,             2, 'I need a ride.',                                      4,                    8,                0,               0,                  0,           0,           0, NULL,                    3),
(      456,    1,             0, 'GOSSIP_OPTION_QUESTGIVER',                            2,                    2,                0,               0,                  0,           0,           0, NULL,                    0),
(      456,    2,             2, 'I''d like to fly to a Horde location.',               1,                    2,              447,               0,                  0,           0,           0, NULL,                  590),
(      457,    0,             2, 'I need a ride.',                                      4,                    8,                0,               0,                  0,           0,           0, NULL,                    3),
(      457,    1,             0, 'GOSSIP_OPTION_QUESTGIVER',                            2,                    2,                0,               0,                  0,           0,           0, NULL,                    0),
(      457,    2,             2, 'I''d like to fly to a Horde location.',               1,                    2,              448,               0,                  0,           0,           0, NULL,                  593),
(      458,    0,             2, 'I need a ride.',                                      4,                    8,                0,               0,                  0,           0,           0, NULL,                    3),
(      458,    1,             2, 'I''d like to fly to a Horde location.',               1,                    8,              448,               0,                  0,           0,           0, NULL,                  596),
(      459,    0,             2, 'I need a ride.',                                      4,                    8,                0,               0,                  0,           0,           0, NULL,                    3),
(      459,    1,             0, 'GOSSIP_OPTION_QUESTGIVER',                            2,                    2,                0,               0,                  0,           0,           0, NULL,                    0),
(      459,    2,             2, 'I''d like to fly to a Horde location.',               1,                    2,              448,               0,                  0,           0,           0, NULL,                  593),
(      460,    0,             2, 'I need a ride.',                                      4,                    8,                0,               0,                  0,           0,           0, NULL,                    4),
(      460,    1,             2, 'I''d like to fly to an Alliance location.',           1,                    8,              445,               0,                  0,           0,           0, NULL,                  573),
(      461,    0,             2, 'I need a ride.',                                      4,                    8,                0,               0,                  0,           0,           0, NULL,                    4),
(      461,    1,             0, 'GOSSIP_OPTION_QUESTGIVER',                            2,                    2,                0,               0,                  0,           0,           0, NULL,                    0),
(      461,    2,             2, 'I''d like to fly to an Alliance location.',           1,                    2,              445,               0,                  0,           0,           0, NULL,                  578),
(      462,    0,             2, 'I need a ride.',                                      4,                    8,                0,               0,                  0,           0,           0, NULL,                    4),
(      462,    1,             2, 'I''d like to fly to an Alliance location.',           1,                    8,              445,               0,                  0,           0,           0, NULL,                  580),
(      463,    0,             2, 'I need a ride.',                                      4,                    8,                0,               0,                  0,           0,           0, NULL,                    3),
(      463,    1,             2, 'I''d like to fly to a Horde location.',               1,                    8,              447,               0,                  0,           0,           0, NULL,                  595),
(      464,    0,             2, 'I need a ride.',                                      4,                    8,                0,               0,                  0,           0,           0, NULL,                    3),
(      464,    1,             2, 'I''d like to fly to a Horde location.',               1,                    8,              447,               0,                  0,           0,           0, NULL,                  595),
(      465,    0,             2, 'I need a ride.',                                      4,                    8,                0,               0,                  0,           0,           0, NULL,                    3),
(      465,    1,             2, 'I''d like to fly to a Horde location.',               1,                    8,              448,               0,                  0,           0,           0, NULL,                  596),
(      466,    0,             2, 'Show me where I can fly.',                            4,                    8,                0,               0,                  0,           0,           0, NULL,                    4),
(      466,    1,             0, 'GOSSIP_OPTION_QUESTGIVER',                            2,                    2,                0,               0,                  0,           0,           0, NULL,                    0),
(      466,    2,             2, 'I''d like to fly to an Alliance location.',           1,                    2,              445,               0,                  0,           0,           0, NULL,                  587),
(      467,    0,             2, 'Show me where I can fly.',                            4,                    8,                0,               0,                  0,           0,           0, NULL,                    3),
(      467,    1,             0, 'GOSSIP_OPTION_QUESTGIVER',                            2,                    2,                0,               0,                  0,           0,           0, NULL,                    0),
(      467,    2,             2, 'I''d like to fly to a Horde location.',               1,                    2,              447,               0,                  0,           0,           0, NULL,                  593),
(      468,    0,             2, 'Show me where I can fly.',                            4,                    8,                0,               0,                  0,           0,           0, NULL,                    4),
(      468,    1,             0, 'GOSSIP_OPTION_QUESTGIVER',                            2,                    2,                0,               0,                  0,           0,           0, NULL,                    0),
(      468,    2,             2, 'I''d like to fly to an Alliance location.',           1,                    2,              445,               0,                  0,           0,           0, NULL,                  588),
(      469,    0,             2, 'Show me where I can fly.',                            4,                    8,                0,               0,                  0,           0,           0, NULL,                    4),
(      469,    1,             0, 'GOSSIP_OPTION_QUESTGIVER',                            2,                    2,                0,               0,                  0,           0,           0, NULL,                    0),
(      469,    2,             2, 'I''d like to fly to an Alliance location.',           1,                    2,              445,               0,                  0,           0,           0, NULL,                  580),
(      470,    0,             2, 'Show me where I can fly.',                            4,                    8,                0,               0,                  0,           0,           0, NULL,                    3),
(      470,    1,             0, 'GOSSIP_OPTION_QUESTGIVER',                            2,                    2,                0,               0,                  0,           0,           0, NULL,                    0),
(      470,    2,             2, 'I''d like to fly to a Horde location.',               1,                    2,              447,               0,                  0,           0,           0, NULL,                  591),
(      471,    0,             2, 'Show me where I can fly.',                            4,                    8,                0,               0,                  0,           0,           0, NULL,                    4),
(      471,    1,             0, 'GOSSIP_OPTION_QUESTGIVER',                            2,                    2,                0,               0,                  0,           0,           0, NULL,                    0),
(      471,    2,             2, 'I''d like to fly to an Alliance location.',           1,                    2,              445,               0,                  0,           0,           0, NULL,                  588),
(      472,    0,             2, 'Show me where I can fly.',                            4,                    8,                0,               0,                  0,           0,           0, NULL,                    4),
(      472,    1,             0, 'GOSSIP_OPTION_QUESTGIVER',                            2,                    2,                0,               0,                  0,           0,           0, NULL,                    0),
(      472,    2,             2, 'I''d like to fly to an Alliance location.',           1,                    2,              445,               0,                  0,           0,           0, NULL,                  588),
(      473,    0,             2, 'Show me where I can fly.',                            4,                    8,                0,               0,                  0,           0,           0, NULL,                    4),
(      473,    1,             0, 'GOSSIP_OPTION_QUESTGIVER',                            2,                    2,                0,               0,                  0,           0,           0, NULL,                    0),
(      473,    2,             2, 'I''d like to fly to an Alliance location.',           1,                    2,              445,               0,                  0,           0,           0, NULL,                  589),
(      474,    0,             2, 'Show me where I can fly.',                            4,                    8,                0,               0,                  0,           0,           0, NULL,                    3),
(      474,    1,             0, 'GOSSIP_OPTION_QUESTGIVER',                            2,                    2,                0,               0,                  0,           0,           0, NULL,                    0),
(      474,    2,             2, 'I''d like to fly to a Horde location.',               1,                    2,              447,               0,                  0,           0,           0, NULL,                  593),
(      475,    0,             2, 'Show me where I can fly.',                            4,                    8,                0,               0,                  0,           0,           0, NULL,                    3),
(      475,    1,             0, 'GOSSIP_OPTION_QUESTGIVER',                            2,                    2,                0,               0,                  0,           0,           0, NULL,                    0),
(      475,    2,             2, 'I''d like to fly to a Horde location.',               1,                    2,              447,               0,                  0,           0,           0, NULL,                  593),
(      476,    0,             2, 'Show me where I can fly.',                            4,                    8,                0,               0,                  0,           0,           0, NULL,                    4),
(      476,    1,             0, 'GOSSIP_OPTION_QUESTGIVER',                            2,                    2,                0,               0,                  0,           0,           0, NULL,                    0),
(      476,    2,             2, 'I''d like to fly to an Alliance location.',           1,                    2,              446,               0,                  0,           0,           0, NULL,                  584),
(      477,    0,             2, 'Show me where I can fly.',                            4,                    8,                0,               0,                  0,           0,           0, NULL,                    3),
(      477,    1,             0, 'GOSSIP_OPTION_QUESTGIVER',                            2,                    2,                0,               0,                  0,           0,           0, NULL,                    0),
(      477,    2,             2, 'I''d like to fly to a Horde location.',               1,                    2,              448,               0,                  0,           0,           0, NULL,                  596),
(      478,    0,             2, 'Show me where I can fly.',                            4,                    8,                0,               0,                  0,           0,           0, NULL,                    3),
(      478,    1,             0, 'GOSSIP_OPTION_QUESTGIVER',                            2,                    2,                0,               0,                  0,           0,           0, NULL,                    0),
(      478,    2,             2, 'I''d like to fly to a Horde location.',               1,                    2,              448,               0,                  0,           0,           0, NULL,                  597),
(      479,    0,             2, 'Show me where I can fly.',                            4,                    8,                0,               0,                  0,           0,           0, NULL,                    4),
(      479,    1,             0, 'GOSSIP_OPTION_QUESTGIVER',                            2,                    2,                0,               0,                  0,           0,           0, NULL,                    0),
(      479,    2,             2, 'I''d like to fly to an Alliance location.',           1,                    2,              446,               0,                  0,           0,           0, NULL,                  585),
(      480,    0,             2, 'Show me where I can fly.',                            4,                    8,                0,               0,                  0,           0,           0, NULL,                    4),
(      480,    1,             0, 'GOSSIP_OPTION_QUESTGIVER',                            2,                    2,                0,               0,                  0,           0,           0, NULL,                    0),
(      480,    2,             2, 'I''d like to fly to an Alliance location.',           1,                    2,              446,               0,                  0,           0,           0, NULL,                  589),
(      481,    0,             2, 'Show me where I can fly.',                            4,                    8,                0,               0,                  0,           0,           0, NULL,                    4),
(      481,    1,             0, 'GOSSIP_OPTION_QUESTGIVER',                            2,                    2,                0,               0,                  0,           0,           0, NULL,                    0),
(      481,    2,             2, 'I''d like to fly to an Alliance location.',           1,                    2,              446,               0,                  0,           0,           0, NULL,                  584),
(      482,    0,             2, 'Show me where I can fly.',                            4,                    8,                0,               0,                  0,           0,           0, NULL,                    3),
(      482,    1,             0, 'GOSSIP_OPTION_QUESTGIVER',                            2,                    2,                0,               0,                  0,           0,           0, NULL,                    0),
(      482,    2,             2, 'I''d like to fly to a Horde location.',               1,                    2,              447,               0,                  0,           0,           0, NULL,                  594),
(      483,    0,             2, 'Show me where I can fly.',                            4,                    8,                0,               0,                  0,           0,           0, NULL,                    4),
(      483,    1,             0, 'GOSSIP_OPTION_QUESTGIVER',                            2,                    2,                0,               0,                  0,           0,           0, NULL,                    0),
(      483,    2,             2, 'I''d like to fly to an Alliance location.',           1,                    2,              446,               0,                  0,           0,           0, NULL,                  585),
(      484,    0,             2, 'Show me where I can fly.',                            4,                    8,                0,               0,                  0,           0,           0, NULL,                    3),
(      484,    1,             0, 'GOSSIP_OPTION_QUESTGIVER',                            2,                    2,                0,               0,                  0,           0,           0, NULL,                    0),
(      484,    2,             2, 'I''d like to fly to a Horde location.',               1,                    2,              448,               0,                  0,           0,           0, NULL,                  597),
(      485,    0,             2, 'Show me where I can fly.',                            4,                    8,                0,               0,                  0,           0,           0, NULL,                    4),
(      485,    1,             0, 'GOSSIP_OPTION_QUESTGIVER',                            2,                    2,                0,               0,                  0,           0,           0, NULL,                    0),
(      485,    2,             2, 'I''d like to fly to an Alliance location.',           1,                    2,              446,               0,                  0,           0,           0, NULL,                  589),
(      486,    0,             2, 'Show me where I can fly.',                            4,                    8,                0,               0,                  0,           0,           0, NULL,                    3),
(      486,    1,             0, 'GOSSIP_OPTION_QUESTGIVER',                            2,                    2,                0,               0,                  0,           0,           0, NULL,                    0),
(      486,    2,             2, 'I''d like to fly to a Horde location.',               1,                    2,              448,               0,                  0,           0,           0, NULL,                  595),
(      487,    0,             2, 'Show me where I can fly.',                            4,                    8,                0,               0,                  0,           0,           0, NULL,                    4),
(      487,    1,             0, 'GOSSIP_OPTION_QUESTGIVER',                            2,                    2,                0,               0,                  0,           0,           0, NULL,                    0),
(      487,    2,             2, 'I''d like to fly to an Alliance location.',           1,                    2,              445,               0,                  0,           0,           0, NULL,                  579),
(      488,    0,             2, 'Show me where I can fly.',                            4,                    8,                0,               0,                  0,           0,           0, NULL,                    4),
(      488,    1,             0, 'GOSSIP_OPTION_QUESTGIVER',                            2,                    2,                0,               0,                  0,           0,           0, NULL,                    0),
(      488,    2,             2, 'I''d like to fly to an Alliance location.',           1,                    2,              446,               0,                  0,           0,           0, NULL,                  585),
(      489,    0,             2, 'Show me where I can fly.',                            4,                    8,                0,               0,                  0,           0,           0, NULL,                    3),
(      489,    1,             0, 'GOSSIP_OPTION_QUESTGIVER',                            2,                    2,                0,               0,                  0,           0,           0, NULL,                    0),
(      489,    2,             2, 'I''d like to fly to a Horde location.',               1,                    2,              448,               0,                  0,           0,           0, NULL,                  598),
(      490,    0,             2, 'Show me where I can fly.',                            4,                    8,                0,               0,                  0,           0,           0, NULL,                    4),
(      490,    1,             0, 'GOSSIP_OPTION_QUESTGIVER',                            2,                    2,                0,               0,                  0,           0,           0, NULL,                    0),
(      490,    2,             2, 'I''d like to fly to an Alliance location.',           1,                    2,              445,               0,                  0,           0,           0, NULL,                  589),
(      491,    0,             2, 'Show me where I can fly.',                            4,                    8,                0,               0,                  0,           0,           0, NULL,                    3),
(      491,    1,             0, 'GOSSIP_OPTION_QUESTGIVER',                            2,                    2,                0,               0,                  0,           0,           0, NULL,                    0),
(      491,    2,             2, 'I''d like to fly to a Horde location.',               1,                    2,              448,               0,                  0,           0,           0, NULL,                  594),
(      492,    0,             2, 'Show me where I can fly.',                            4,                    8,                0,               0,                  0,           0,           0, NULL,                    4),
(      492,    1,             0, 'GOSSIP_OPTION_QUESTGIVER',                            2,                    2,                0,               0,                  0,           0,           0, NULL,                    0),
(      492,    2,             2, 'I''d like to fly to an Alliance location.',           1,                    2,              446,               0,                  0,           0,           0, NULL,                  585),
(      493,    0,             2, 'Show me where I can fly.',                            4,                    8,                0,               0,                  0,           0,           0, NULL,                    4),
(      493,    1,             0, 'GOSSIP_OPTION_QUESTGIVER',                            2,                    2,                0,               0,                  0,           0,           0, NULL,                    0),
(      493,    2,             2, 'I''d like to fly to an Alliance location.',           1,                    2,              446,               0,                  0,           0,           0, NULL,                  586),
(      494,    0,             2, 'Show me where I can fly.',                            4,                    8,                0,               0,                  0,           0,           0, NULL,                    3),
(      494,    1,             0, 'GOSSIP_OPTION_QUESTGIVER',                            2,                    2,                0,               0,                  0,           0,           0, NULL,                    0),
(      494,    2,             2, 'I''d like to fly to a Horde location.',               1,                    2,              448,               0,                  0,           0,           0, NULL,                  595),
(      495,    0,             2, 'Show me where I can fly.',                            4,                    8,                0,               0,                  0,           0,           0, NULL,                    3),
(      495,    1,             0, 'GOSSIP_OPTION_QUESTGIVER',                            2,                    2,                0,               0,                  0,           0,           0, NULL,                    0),
(      495,    2,             2, 'I''d like to fly to a Horde location.',               1,                    2,              448,               0,                  0,           0,           0, NULL,                  594),
(      496,    0,             2, 'Show me where I can fly.',                            4,                    8,                0,               0,                  0,           0,           0, NULL,                    3),
(      496,    1,             0, 'GOSSIP_OPTION_QUESTGIVER',                            2,                    2,                0,               0,                  0,           0,           0, NULL,                    0),
(      496,    2,             2, 'I''d like to fly to a Horde location.',               1,                    2,              448,               0,                  0,           0,           0, NULL,                  594),
(      497,    0,             2, 'Show me where I can fly.',                            4,                    8,                0,               0,                  0,           0,           0, NULL,                    3),
(      497,    1,             0, 'GOSSIP_OPTION_QUESTGIVER',                            2,                    2,                0,               0,                  0,           0,           0, NULL,                    0),
(      497,    2,             2, 'I''d like to fly to a Horde location.',               1,                    2,              448,               0,                  0,           0,           0, NULL,                  594),
(      498,    0,             2, 'Show me where I can fly.',                            4,                    8,                0,               0,                  0,           0,           0, NULL,                    0),
(      498,    1,             0, 'GOSSIP_OPTION_QUESTGIVER',                            2,                    2,                0,               0,                  0,           0,           0, NULL,                    0),
(      498,    2,             2, 'I''d like to fly to an Alliance location.',           1,                    2,              446,               0,                  0,           0,           0, NULL,                  586),
(      499,    0,             2, 'Show me where I can fly.',                            4,                    8,                0,               0,                  0,           0,           0, NULL,                    4),
(      499,    1,             0, 'GOSSIP_OPTION_QUESTGIVER',                            2,                    2,                0,               0,                  0,           0,           0, NULL,                    0),
(      499,    2,             2, 'I''d like to fly to an Alliance location.',           1,                    2,              446,               0,                  0,           0,           0, NULL,                  586),
(      500,    0,             2, 'Show me where I can fly.',                            4,                    8,                0,               0,                  0,           0,           0, NULL,                    4),
(      500,    1,             0, 'GOSSIP_OPTION_QUESTGIVER',                            2,                    2,                0,               0,                  0,           0,           0, NULL,                    0),
(      500,    2,             2, 'I''d like to fly to an Alliance location.',           1,                    2,              445,               0,                  0,           0,           0, NULL,                  583),
(      501,    0,             2, 'Show me where I can fly.',                            4,                    8,                0,               0,                  0,           0,           0, NULL,                    3),
(      501,    1,             0, 'GOSSIP_OPTION_QUESTGIVER',                            2,                    2,                0,               0,                  0,           0,           0, NULL,                    0),
(      501,    2,             2, 'I''d like to fly to a Horde location.',               1,                    2,              448,               0,                  0,           0,           0, NULL,                  594),
(      502,    0,             2, 'Show me where I can fly.',                            4,                    8,                0,               0,                  0,           0,           0, NULL,                    4),
(      502,    1,             0, 'GOSSIP_OPTION_QUESTGIVER',                            2,                    2,                0,               0,                  0,           0,           0, NULL,                    0),
(      502,    2,             2, 'I''d like to fly to an Alliance location.',           1,                    2,              445,               0,                  0,           0,           0, NULL,                  580),
(      503,    0,             2, 'Show me where I can fly.',                            4,                    8,                0,               0,                  0,           0,           0, NULL,                    3),
(      503,    1,             0, 'GOSSIP_OPTION_QUESTGIVER',                            2,                    2,                0,               0,                  0,           0,           0, NULL,                    0),
(      503,    2,             2, 'I''d like to fly to a Horde location.',               1,                    2,              448,               0,                  0,           0,           0, NULL,                  595),
(      504,    0,             2, 'Show me where I can fly.',                            4,                    8,                0,               0,                  0,           0,           0, NULL,                    3),
(      504,    1,             0, 'GOSSIP_OPTION_QUESTGIVER',                            2,                    2,                0,               0,                  0,           0,           0, NULL,                    0),
(      504,    2,             2, 'I''d like to fly to a Horde location.',               1,                    2,              447,               0,                  0,           0,           0, NULL,                  595),
(      505,    0,             2, 'Show me where I can fly.',                            4,                    8,                0,               0,                  0,           0,           0, NULL,                    4),
(      505,    1,             0, 'GOSSIP_OPTION_QUESTGIVER',                            2,                    2,                0,               0,                  0,           0,           0, NULL,                    0),
(      505,    2,             2, 'I''d like to fly to an Alliance location.',           1,                    2,              446,               0,                  0,           0,           0, NULL,                  586),
(      506,    0,             2, 'Show me where I can fly.',                            4,                    8,                0,               0,                  0,           0,           0, NULL,                    3),
(      506,    1,             0, 'GOSSIP_OPTION_QUESTGIVER',                            2,                    2,                0,               0,                  0,           0,           0, NULL,                    0),
(      506,    2,             2, 'I''d like to fly to a Horde location.',               1,                    2,              448,               0,                  0,           0,           0, NULL,                  598),
(      507,    0,             2, 'I need a ride.',                                      4,                    8,                0,               0,                  0,           0,           0, NULL,                    3),
(      507,    1,             2, 'I''d like to fly to a Horde location.',               1,                    8,              447,               0,                  0,           0,           0, NULL,                  592);

UPDATE `creature_template` SET `GossipMenuId` = 449 WHERE `Entry` =   352;
UPDATE `creature_template` SET `GossipMenuId` = 450 WHERE `Entry` =   523;
UPDATE `creature_template` SET `GossipMenuId` = 451 WHERE `Entry` =  2226;
UPDATE `creature_template` SET `GossipMenuId` = 452 WHERE `Entry` =  3841;
UPDATE `creature_template` SET `GossipMenuId` = 453 WHERE `Entry` =  3838;
UPDATE `creature_template` SET `GossipMenuId` = 454 WHERE `Entry` =  2859;
UPDATE `creature_template` SET `GossipMenuId` = 455 WHERE `Entry` =  2858;
UPDATE `creature_template` SET `GossipMenuId` = 456 WHERE `Entry` =  4551;
UPDATE `creature_template` SET `GossipMenuId` = 457 WHERE `Entry` =  3615;
UPDATE `creature_template` SET `GossipMenuId` = 458 WHERE `Entry` =  2995;
UPDATE `creature_template` SET `GossipMenuId` = 459 WHERE `Entry` =  3310;
UPDATE `creature_template` SET `GossipMenuId` = 460 WHERE `Entry` =  1572;
UPDATE `creature_template` SET `GossipMenuId` = 461 WHERE `Entry` =  1573;
UPDATE `creature_template` SET `GossipMenuId` = 462 WHERE `Entry` =  2941;
UPDATE `creature_template` SET `GossipMenuId` = 463 WHERE `Entry` =  3305;
UPDATE `creature_template` SET `GossipMenuId` = 464 WHERE `Entry` =  4314;
UPDATE `creature_template` SET `GossipMenuId` = 465 WHERE `Entry` = 10378;
UPDATE `creature_template` SET `GossipMenuId` = 466 WHERE `Entry` =   931;
UPDATE `creature_template` SET `GossipMenuId` = 467 WHERE `Entry` =  1387;
UPDATE `creature_template` SET `GossipMenuId` = 468 WHERE `Entry` =  1571;
UPDATE `creature_template` SET `GossipMenuId` = 469 WHERE `Entry` =  2299;
UPDATE `creature_template` SET `GossipMenuId` = 470 WHERE `Entry` =  2389;
UPDATE `creature_template` SET `GossipMenuId` = 471 WHERE `Entry` =  2409;
UPDATE `creature_template` SET `GossipMenuId` = 472 WHERE `Entry` =  2432;
UPDATE `creature_template` SET `GossipMenuId` = 473 WHERE `Entry` =  2835;
UPDATE `creature_template` SET `GossipMenuId` = 474 WHERE `Entry` =  2851;
UPDATE `creature_template` SET `GossipMenuId` = 475 WHERE `Entry` =  2861;
UPDATE `creature_template` SET `GossipMenuId` = 476 WHERE `Entry` =  4267;
UPDATE `creature_template` SET `GossipMenuId` = 477 WHERE `Entry` =  4312;
UPDATE `creature_template` SET `GossipMenuId` = 478 WHERE `Entry` =  4317;
UPDATE `creature_template` SET `GossipMenuId` = 479 WHERE `Entry` =  4319;
UPDATE `creature_template` SET `GossipMenuId` = 480 WHERE `Entry` =  4321;
UPDATE `creature_template` SET `GossipMenuId` = 481 WHERE `Entry` =  4407;
UPDATE `creature_template` SET `GossipMenuId` = 482 WHERE `Entry` =  6026;
UPDATE `creature_template` SET `GossipMenuId` = 483 WHERE `Entry` =  6706;
UPDATE `creature_template` SET `GossipMenuId` = 484 WHERE `Entry` =  6726;
UPDATE `creature_template` SET `GossipMenuId` = 485 WHERE `Entry` =  7823;
UPDATE `creature_template` SET `GossipMenuId` = 486 WHERE `Entry` =  7824;
UPDATE `creature_template` SET `GossipMenuId` = 487 WHERE `Entry` =  8018;
UPDATE `creature_template` SET `GossipMenuId` = 488 WHERE `Entry` =  8019;
UPDATE `creature_template` SET `GossipMenuId` = 489 WHERE `Entry` =  8020;
UPDATE `creature_template` SET `GossipMenuId` = 490 WHERE `Entry` =  8609;
UPDATE `creature_template` SET `GossipMenuId` = 491 WHERE `Entry` =  8610;
UPDATE `creature_template` SET `GossipMenuId` = 492 WHERE `Entry` = 10897;
UPDATE `creature_template` SET `GossipMenuId` = 493 WHERE `Entry` = 11138;
UPDATE `creature_template` SET `GossipMenuId` = 494 WHERE `Entry` = 11139;
UPDATE `creature_template` SET `GossipMenuId` = 495 WHERE `Entry` = 11899;
UPDATE `creature_template` SET `GossipMenuId` = 496 WHERE `Entry` = 11900;
UPDATE `creature_template` SET `GossipMenuId` = 497 WHERE `Entry` = 11901;
UPDATE `creature_template` SET `GossipMenuId` = 498 WHERE `Entry` = 12577;
UPDATE `creature_template` SET `GossipMenuId` = 499 WHERE `Entry` = 12578;
UPDATE `creature_template` SET `GossipMenuId` = 500 WHERE `Entry` = 12596;
UPDATE `creature_template` SET `GossipMenuId` = 501 WHERE `Entry` = 12616;
UPDATE `creature_template` SET `GossipMenuId` = 502 WHERE `Entry` = 12617;
UPDATE `creature_template` SET `GossipMenuId` = 503 WHERE `Entry` = 12740;
UPDATE `creature_template` SET `GossipMenuId` = 504 WHERE `Entry` = 13177;
UPDATE `creature_template` SET `GossipMenuId` = 505 WHERE `Entry` = 15177;
UPDATE `creature_template` SET `GossipMenuId` = 506 WHERE `Entry` = 15178;
UPDATE `creature_template` SET `GossipMenuId` = 507 WHERE `Entry` = 12636;

UPDATE `dbscripts_on_gossip` SET `datalong` = 27 WHERE `datalong` = 315;
UPDATE `dbscripts_on_gossip` SET `datalong` = 22 WHERE `datalong` = 316;
UPDATE `dbscripts_on_gossip` SET `datalong` = 85 WHERE `datalong` = 494;
UPDATE `dbscripts_on_gossip` SET `datalong` = 86 WHERE `datalong` = 495;
UPDATE `dbscripts_on_gossip` SET `datalong` = 87 WHERE `datalong` = 496;
